﻿paises;HDI
Afghanistan;0.429
Albania;0.720
Algeria;0.707
Andorra;0.829
Angola;0.492
Antigua and Barbuda;0.778
Argentina;0.792
Armenia;0.720
Australia;0.915
Austria;0.881
Azerbaijan;0.709
Bahamas;0.789
Bahrain;0.796
Bangladesh;0.520
Barbados;0.777
Belarus;0.757
Belgium;0.899
Belize;0.699
Benin;0.455
Bhutan;0.535
Bolivia;0.631
Bosnia and Herzegovina;0.712
Botswana;0.625
Brazil;0.705
Brunei;0.840
Bulgaria;0.764
Burkina Faso;0.344
Burma - Myanmar;0.498
Burundi;0.361
Cambodia;0.513
Cameroon;0.484
Canada;0.897
Cape Verde;0.619
Central African Republic;0.331
Chad;0.342
Chile;0.795
China;0.675
Colombia;0.704
Comoros;0.466
Costa Rica;0.742
Croatia;0.800
Cuba;0.770
Cyprus;0.846
Czech Republic;0.850
Democratic Republic of the Congo;0.379
Denmark;0.904
Djibouti;0.426
Dominica;0.715
Dominican Republic;0.691
Ecuador;0.698
Egypt;0.650
El Salvador;0.656
Equatorial Guinea;0.585
Eritrea;0.411
Estonia;0.839
Ethiopia;0.378
Federated States of Micronesia;0.592
Fiji;0.702
Finland;0.901
France;0.876
Gabon;0.652
Georgia;0.730
Germany;0.915
Ghana;0.530
Greece;0.849
Grenada;0.735
Guatemala;0.590
Guinea;0.390
Guinea-Bissau;0.409
Guyana;0.618
Haiti;0.462
Honduras;0.593
Hong Kong;0.887
Hungary;0.813
Iceland;0.897
India;0.556
Indonesia;0.642
Iran;0.736
Iraq;0.638
Ireland;0.908
Israel;0.881
Italy;0.866
Ivory Coast;0.424
Jamaica;0.705
Japan;0.880
Jordan;0.735
Kazakhstan;0.759
Kenya;0.514
Kiribati;0.582
Kuwait;0.788
Kyrgyzstan;0.628
Laos;0.521
Latvia;0.818
Lebanon;0.743
Lesotho;0.473
Liberia;0.394
Libya;0.752
Liechtenstein;0.893
Lithuania;0.825
Luxembourg;0.888
Madagascar;0.491
Malawi;0.400
Malaysia;0.750
Maldives;0.651
Mali;0.367
Malta;0.827
Mauritania;0.476
Mauritius;0.728
Mexico;0.739
Moldova;0.661
Mongolia;0.672
Montenegro;0.775
Morocco;0.594
Mozambique;0.378
Namibia;0.568
Nepal;0.491
Netherlands;0.904
New Zealand;0.894
Nicaragua;0.607
Niger;0.294
Nigeria;0.479
North Macedonia;0.712
Norway;0.938
Oman;0.764
Pakistan;0.513
Palau;0.765
Panama;0.751
Papua New Guinea;0.499
Paraguay;0.655
Peru;0.703
Philippines;0.657
Poland;0.819
Portugal;0.810
Qatar;0.830
Republic of the Congo;0.520
Romania;0.781
Russia;0.767
Rwanda;0.445
Saint Kitts and Nevis;0.733
Saint Lucia;0.713
Saint Vincent and the Grenadines;0.709
Samoa;0.681
Sao Tome and Principe;0.530
Saudi Arabia;0.783
Senegal;0.436
Serbia;0.751
Seychelles;0.741
Sierra Leone;0.363
Singapore;0.878
Slovakia;0.814
Slovenia;0.873
Solomon Islands;0.505
South Africa;0.621
South Korea;0.869
Spain;0.853
Sri Lanka;0.730
State of Palestine;0.663
Sudan;0.451
Suriname;0.687
Swaziland;0.507
Sweden;0.905
Switzerland;0.915
Syria;0.649
Tajikistan;0.604
Tanzania;0.468
Thailand;0.710
The Gambia;0.427
Timor-Leste;0.581
Togo;0.441
Tonga;0.698
Trinidad and Tobago;0.768
Tunisia;0.701
Turkey;0.708
Uganda;0.459
Ukraine;0.729
United Arab Emirates;0.835
United Kingdom;0.892
United States;0.905
Uruguay;0.762
Uzbekistan;0.646
Vanuatu;0.582
Venezuela;0.744
Vietnam;0.632
Yemen;0.482
Zambia;0.503
Zimbabwe;0.442